image_lien,prix,type_habits,adresse
https://images.coinafrique.com/thumb_5361125_uploaded_image1_1749079937.jpg,8 000CFA,Polo en coton,"Dakar, Sénégal"
https://images.coinafrique.com/thumb_5364547_uploaded_image1_1749327860.jpg,7 000CFA,Pantalon homme,"Dakar, Sénégal"
https://images.coinafrique.com/thumb_5396595_uploaded_image1_1751139172.jpg,5 000CFA,T-shirts,"Grand Yoff, Dakar, Sénégal"
https://images.coinafrique.com/thumb_5387074_uploaded_image1_1750620178.jpg,7 000CFA,Polo,"Dakar, Sénégal"
https://images.coinafrique.com/thumb_5387071_uploaded_image1_1750620076.jpg,6 000CFA,Short en jeans,"Dakar, Sénégal"
https://images.coinafrique.com/thumb_5360742_uploaded_image1_1749062707.jpg,6 000CFA,T-shirts,"Dakar, Sénégal"
https://images.coinafrique.com/thumb_5360732_uploaded_image1_1749062350.jpg,6 000CFA,T-shirts,"Dakar, Sénégal"
https://images.coinafrique.com/thumb_5360719_uploaded_image1_1749061877.jpg,10 000CFA,Ensemble short,"Dakar, Sénégal"
https://images.coinafrique.com/thumb_5374565_uploaded_image1_1749920402.jpg,8 000CFA,Tshirt coton,"Colobane, Dakar, Sénégal"
https://images.coinafrique.com/thumb_5374534_uploaded_image1_1749919474.jpg,8 000CFA,Shorts coton,"Colobane, Dakar, Sénégal"
https://images.coinafrique.com/thumb_5374538_uploaded_image1_1749919612.jpg,10 000CFA,Sorts cotton djiene,"Colobane, Dakar, Sénégal"
https://images.coinafrique.com/thumb_5374540_uploaded_image1_1749919718.jpg,10 000CFA,Sorts coton djiene,"Colobane, Dakar, Sénégal"
https://images.coinafrique.com/thumb_5386899_uploaded_image1_1750612630.jpg,7 000CFA,Jeans homme,"Dakar, Sénégal"
https://images.coinafrique.com/thumb_5386893_uploaded_image1_1750612508.jpg,3 500CFA,Short,"Dakar, Sénégal"
https://images.coinafrique.com/thumb_5396366_uploaded_image1_1751130805.jpg,10 000CFA,Bas Nike Tech,"Mariste, Dakar, Sénégal"
https://images.coinafrique.com/thumb_5368256_uploaded_image1_1749572783.jpg,3 000CFA,T-shirt,"Dakar, Sénégal"
https://images.coinafrique.com/thumb_5374429_uploaded_image1_1749913872.jpg,15 000CFA,Djialabé,"Colobane, Dakar, Sénégal"
https://images.coinafrique.com/thumb_5374410_uploaded_image1_1749913289.jpg,Prix sur demande,Bonet,"Colobane, Dakar, Sénégal"
https://images.coinafrique.com/thumb_5374420_uploaded_image1_1749913604.jpg,15 000CFA,Djialab Homme,"Colobane, Dakar, Sénégal"
https://images.coinafrique.com/thumb_5374415_uploaded_image1_1749913505.jpg,10 000CFA,Djialab  Homme,"Colobane, Dakar, Sénégal"
https://images.coinafrique.com/thumb_5377282_uploaded_image1_1750088802.jpg,9 000CFA,Dialabeh homme,"Dakar, Sénégal"
https://images.coinafrique.com/thumb_5360049_uploaded_image1_1749038004.jpg,7 000CFA,Jeans homme,"Dakar, Sénégal"
https://images.coinafrique.com/thumb_5359855_uploaded_image1_1749031695.jpg,9 000CFA,Ensemble short,"Dakar, Sénégal"
https://images.coinafrique.com/thumb_5381842_uploaded_image1_1750327249.jpg,3 000CFA,T-shirt unique,"Dakar, Sénégal"
https://images.coinafrique.com/thumb_5395713_uploaded_image1_1751083803.jpg,6 000CFA,Short,"Ouest Foire, Dakar, Sénégal"
https://images.coinafrique.com/thumb_5395712_uploaded_image1_1751083649.jpg,6 000CFA,Short  homme,"Ouest Foire, Dakar, Sénégal"
https://images.coinafrique.com/thumb_5376211_uploaded_image1_1750033082.jpg,6 000CFA,T-shirt coton,"Dakar, Sénégal"
https://images.coinafrique.com/thumb_5376209_uploaded_image1_1750033001.jpg,6 000CFA,Lacoste homme,"Dakar, Sénégal"
https://images.coinafrique.com/thumb_5359319_uploaded_image1_1748991293.jpg,7 000CFA,Bas large,"Dakar, Sénégal"
https://images.coinafrique.com/thumb_5359212_uploaded_image1_1748985772.jpg,7 000CFA,Cargo homme,"Dakar, Sénégal"
https://images.coinafrique.com/thumb_5359195_uploaded_image1_1748985264.jpg,8 000CFA,Polo,"Dakar, Sénégal"
https://images.coinafrique.com/thumb_5359190_uploaded_image1_1748985019.jpg,7 000CFA,Pantalons hommes,"Dakar, Sénégal"
https://images.coinafrique.com/thumb_5380940_uploaded_image1_1750267409.jpg,7 000CFA,Pantalon bas large,"Dakar, Sénégal"
https://images.coinafrique.com/thumb_5380938_uploaded_image1_1750267359.jpg,9 000CFA,Ensemble short,"Dakar, Sénégal"
https://images.coinafrique.com/thumb_5366447_uploaded_image1_1749473882.jpg,1 000CFA,Caleçons,"Dakar, Sénégal"
https://images.coinafrique.com/thumb_5389835_uploaded_image1_1750768990.jpg,12 500CFA,Chemise pour homme,"Fass, Dakar, Sénégal"
https://images.coinafrique.com/thumb_5394599_uploaded_image2_1751021076.jpeg,Prix sur demande,Vêtement homme,"Fass, Dakar, Sénégal"
https://images.coinafrique.com/thumb_5379656_uploaded_image1_1750203540.jpg,14 000CFA,Ensemble lacoste+ kaki,"Dakar, Sénégal"
https://images.coinafrique.com/thumb_5379655_uploaded_image1_1750203441.jpg,8 000CFA,Pantalon kaki,"Dakar, Sénégal"
https://images.coinafrique.com/thumb_5362186_uploaded_image1_1749145293.jpg,10 000CFA,Jalaba homme,"Dakar, Sénégal"
https://images.coinafrique.com/thumb_5392633_uploaded_image1_1750904042.jpg,20 000CFA,Costume africaine,"Fass, Dakar, Sénégal"
https://images.coinafrique.com/thumb_5392632_uploaded_image1_1750903985.jpg,20 000CFA,Costume africaine,"Fass, Dakar, Sénégal"
https://images.coinafrique.com/thumb_5392631_uploaded_image1_1750903932.jpg,20 000CFA,Costume africaine,"Fass, Dakar, Sénégal"
https://images.coinafrique.com/thumb_5392630_uploaded_image1_1750903817.jpg,20 000CFA,Costume africaine,"Fass, Dakar, Sénégal"
https://images.coinafrique.com/thumb_5387381_uploaded_image1_1750640217.jpg,7 000CFA,Pantalon bas large,"Dakar, Sénégal"
https://images.coinafrique.com/thumb_5387379_uploaded_image1_1750639839.jpg,15 000CFA,Ensemble short,"Dakar, Sénégal"
https://images.coinafrique.com/thumb_5390305_uploaded_image1_1750787966.jpg,10 500CFA,Pack de 3 t-shirts en coton + 3 débardeurs +3 boxeurs,"Sicap Liberté, Dakar, Sénégal"
https://images.coinafrique.com/thumb_5390008_uploaded_image1_1750777634.jpg,8 000CFA,Vêtements pour homme,"Fann, Dakar, Sénégal"
https://images.coinafrique.com/thumb_5388869_uploaded_image1_1750707151.jpg,10 000CFA,Abaya simple,"Dakar Plateau, Dakar, Sénégal"
https://images.coinafrique.com/thumb_5388860_uploaded_image1_1750707013.jpg,10 000CFA,Abaya languette,"Dakar Plateau, Dakar, Sénégal"
https://images.coinafrique.com/thumb_5388857_uploaded_image1_1750706864.jpg,20 000CFA,Chemise El-hadji bouton doré,"Dakar Plateau, Dakar, Sénégal"
https://images.coinafrique.com/thumb_5340703_uploaded_image1_1747926660.jpg,25 000CFA,Dialaba,"Colobane, Dakar, Sénégal"
https://images.coinafrique.com/thumb_5379374_uploaded_image1_1750189453.jpg,600CFA,Caleçons homme,"Parcelle Assainies, Dakar, Sénégal"
https://images.coinafrique.com/thumb_5335983_uploaded_image1_1747682531.jpg,6 000CFA,Short homme,"Dakar, Sénégal"
https://images.coinafrique.com/thumb_5335976_uploaded_image1_1747682377.jpg,13 000CFA,Ensemble Lacoste  - Kaki,"Dakar, Sénégal"
https://images.coinafrique.com/thumb_5328829_uploaded_image1_1747292067.jpg,1 500CFA,Souve't ment,"Colobane, Dakar, Sénégal"
https://images.coinafrique.com/thumb_5371023_uploaded_image2_1749727035.jpeg,850 000CFA,Ballot friperie,"Dakar, Sénégal"
https://images.coinafrique.com/thumb_5333594_uploaded_image1_1747550498.jpg,18 000CFA,Chemise,"Keur Massar, Sénégal"
https://images.coinafrique.com/thumb_5369347_uploaded_image1_1749639509.jpg,12 000CFA,Ensemble homme 3 piéces,"Parcelle Assainies, Dakar, Sénégal"
https://images.coinafrique.com/thumb_5369345_uploaded_image1_1749639320.jpg,8 000CFA,Vêtement  homme,"Parcelle Assainies, Dakar, Sénégal"
https://images.coinafrique.com/thumb_5369272_uploaded_image1_1749637388.jpg,15 000CFA,Pantalon Jean,"Mamelles, Dakar, Sénégal"
https://images.coinafrique.com/thumb_5369213_uploaded_image1_1749635653.jpg,15 000CFA,Pantalon Jean,"Mamelles, Dakar, Sénégal"
https://images.coinafrique.com/thumb_5344920_uploaded_image1_1748197678.jpg,70 000CFA,Costume africain,"Almadies 2, Dakar, Sénégal"
https://images.coinafrique.com/thumb_5344910_uploaded_image1_1748197232.jpg,70 000CFA,Costume africain,"Almadies 2, Dakar, Sénégal"
https://images.coinafrique.com/thumb_5344903_uploaded_image1_1748196689.jpg,70 000CFA,Costume africain,"Almadies 2, Dakar, Sénégal"
https://images.coinafrique.com/thumb_5344887_uploaded_image1_1748196047.jpg,70 000CFA,Costume africain,"Almadies 2, Dakar, Sénégal"
https://images.coinafrique.com/thumb_5351562_uploaded_image1_1748560606.jpg,13 000CFA,Ensemble homme,"Dakar, Sénégal"
https://images.coinafrique.com/thumb_5351554_uploaded_image1_1748560284.jpg,13 000CFA,Ensemble homme,"Dakar, Sénégal"
https://images.coinafrique.com/thumb_5357470_uploaded_image1_1748906567.jpg,14 000CFA,Ensemble homme,"Dakar, Sénégal"
https://images.coinafrique.com/thumb_5357466_uploaded_image1_1748906493.jpg,Prix sur demande,Ensemble homme,"Dakar, Sénégal"
https://images.coinafrique.com/thumb_5357459_uploaded_image1_1748906269.jpg,Prix sur demande,Lacoste,"Dakar, Sénégal"
https://images.coinafrique.com/thumb_5357461_uploaded_image1_1748906332.jpg,Prix sur demande,Ensemble,"Dakar, Sénégal"
https://images.coinafrique.com/thumb_5357457_uploaded_image1_1748906197.jpg,Prix sur demande,Ensemble homme,"Dakar, Sénégal"
https://images.coinafrique.com/thumb_5357449_uploaded_image1_1748905981.jpg,3 500CFA,T-shirt coton,"Dakar, Sénégal"
https://images.coinafrique.com/thumb_5357430_uploaded_image1_1748905355.jpg,5 000CFA,T-shirt coton,"Dakar, Sénégal"
https://images.coinafrique.com/thumb_5357427_uploaded_image1_1748905276.jpg,6 500CFA,Lacoste homme,"Dakar, Sénégal"
https://images.coinafrique.com/thumb_5357423_uploaded_image1_1748905074.jpg,13 000CFA,Ensemble homme,"Dakar, Sénégal"
https://images.coinafrique.com/thumb_5357414_uploaded_image1_1748904730.jpg,7 000CFA,Cargo homme,"Dakar, Sénégal"
https://images.coinafrique.com/thumb_5357415_uploaded_image1_1748904812.jpg,5 000CFA,T-shirt coton,"Dakar, Sénégal"
https://images.coinafrique.com/thumb_5362521_uploaded_image1_1749164209.jpg,Prix sur demande,Calsson coton,"Dakar, Sénégal"
https://images.coinafrique.com/thumb_5362524_uploaded_image1_1749164390.jpg,4 000CFA,T-shirt coton,"Dakar, Sénégal"
https://images.coinafrique.com/thumb_5362523_uploaded_image1_1749164333.jpg,4 000CFA,T-shirt coton,"Dakar, Sénégal"
https://images.coinafrique.com/thumb_5362519_uploaded_image1_1749164046.jpg,13 000CFA,Ensemble homme,"Dakar, Sénégal"
https://images.coinafrique.com/thumb_5362515_uploaded_image1_1749163756.jpg,4 000CFA,T-shirt coton,"Dakar, Sénégal"
